순위,상품명,카테고리 이름,브랜드 이름,가격,할인 가격,image_url,oliveyoung_best_combined_0317 (1),oliveyoung_best_combined_0318,oliveyoung_best_combined_0321,oliveyoung_best_combined_0325,oliveyoung_best_combined_0328,goods_no,
1,[3월 올영픽/15년 연속 1위] 메디힐 에센셜 마스크팩 10+1/10매 기획 7종 골라담기,마스크팩,메디힐,20000.0,10000.0,https://image.oliveyoung.co.kr/cfimages/cf-goods/uploads/images/thumbnails/10/0000/0022/A000000223414107ko.jpg?l=ko,1.0,1.0,1.0,2.0,1.0,A000000223414,
2,[3월 올영픽/1위패드] 메디힐 더마 패드 200매 대용량 기획 세트 7종 골라담기,마스크팩,메디힐,39900.0,28100.0,https://image.oliveyoung.co.kr/cfimages/cf-goods/uploads/images/thumbnails/10/0000/0017/A000000171427216ko.png?l=ko,2.0,2.0,2.0,3.0,4.0,A000000171427,
3,라로슈포제 시카플라스트 밤 B5+ 100ml 기획 (+3ml 추가증정),스킨케어,라로슈포제,41000.0,36900.0,https://image.oliveyoung.co.kr/cfimages/cf-goods/uploads/images/thumbnails/10/0000/0020/A00000020690407ko.jpg?l=ko,3.0,2.0,2.0,4.0,5.0,A000000206904,
4,[여드름 기능성/피지케어] 블랑네이처 아크네 클렌징 폼 단품/기획,클렌징,블랑네이처,23800.0,19600.0,https://image.oliveyoung.co.kr/cfimages/cf-goods/uploads/images/thumbnails/10/0000/0018/A00000018640936ko.jpg?l=ko,3.0,7.0,2.0,8.0,2.0,A000000186409,
5,[망곰 콜라보] 비플레인 녹두 약산성 클렌징폼 160ml 더블 기획 (+동전지갑),클렌징,비플레인,26000.0,24900.0,https://image.oliveyoung.co.kr/cfimages/cf-goods/uploads/images/thumbnails/10/0000/0024/A00000024544613ko.jpg?l=ko,7.0,1.0,5.0,3.0,6.0,A000000245446,
6,[3월올영픽/5년연속1위] 마녀공장 퓨어 클렌징오일 200ml 2입 기획 (+25ml),클렌징,마녀공장,37000.0,25900.0,https://image.oliveyoung.co.kr/cfimages/cf-goods/uploads/images/thumbnails/10/0000/0024/A00000024791879ko.jpg?l=ko,5.0,3.0,6.0,1.0,3.0,A000000247918,
7,[3월 올영픽/대용량] 라로슈포제 시카밤 B5+ 200ml+시카PRO마스크 루틴 기획(+시카밤 3ml*2),스킨케어,라로슈포제,80000.0,52900.0,,2.0,1.0,11.0,3.0,3.0,A000000247689,
8,[박보영 버블팩]메노킨 30초 퀵 버블 마스크 95ml 6종 중 택1,마스크팩,메노킨,28500.0,24200.0,https://image.oliveyoung.co.kr/cfimages/cf-goods/uploads/images/thumbnails/10/0000/0023/A00000023442231ko.jpg?l=ko,5.0,7.0,6.0,4.0,3.0,A000000234422,
9,바이오더마 센시비오 H2O 500ml 2입,더모 코스메틱,바이오더마,42000.0,31900.0,https://image.oliveyoung.co.kr/cfimages/cf-goods/uploads/images/thumbnails/10/0000/0001/A00000001319469ko.jpg?l=ko,4.0,5.0,6.0,5.0,7.0,A000000013194,
10,[15년연속 1위] 메디힐 에센셜 마스크팩 1매 고기능 7종 골라담기,마스크팩,메디힐,2000.0,1000.0,https://image.oliveyoung.co.kr/cfimages/cf-goods/uploads/images/thumbnails/10/0000/0021/A00000021762055ko.png?l=ko,6.0,6.0,4.0,8.0,7.0,A000000217620,
11,[3월 올영픽/품절대란템 NEW 컬러] 유리아쥬 스틱레브르 컬러드 5종,더모 코스메틱,유리아쥬,15000.0,9900.0,https://image.oliveyoung.co.kr/cfimages/cf-goods/uploads/images/thumbnails/10/0000/0023/A00000023548562ko.jpg?l=ko,5.0,5.0,3.0,10.0,8.0,A000000235485,
12,[대용량/트러블1등] 파티온 노스카나인 트러블 세럼 50ml 리필 기획(+리필40ml+크림10ml),스킨케어,파티온,54000.0,33900.0,https://image.oliveyoung.co.kr/cfimages/cf-goods/uploads/images/thumbnails/10/0000/0021/A00000021960906ko.png?l=ko,7.0,7.0,4.0,9.0,6.0,A000000219609,
13,[3월 올영픽/1+1] 메디힐 마데카소사이드 흔적 리페어 세럼 40+40ml 더블 기획,스킨케어,메디힐,36900.0,22400.0,https://image.oliveyoung.co.kr/cfimages/cf-goods/uploads/images/thumbnails/10/0000/0021/A00000021111976ko.png?l=ko,17.0,8.0,2.0,3.0,10.0,A000000211119,
14,[800만개판매/1등피지클리너] 일소 슈퍼 멜팅 세범 소프트너 150ml 기획 (+착붙솜 40매+모공텐션마스크팩1매),클렌징,일소,26000.0,17960.0,https://image.oliveyoung.co.kr/cfimages/cf-goods/uploads/images/thumbnails/10/0000/0022/A00000022573632ko.jpg?l=ko,8.0,9.0,10.0,10.0,9.0,A000000225736,
15,[앰플한병팩] 메디힐 하이퍼 콜라겐 겔 마스크 8+1매 한정 기획,마스크팩,메디힐,36000.0,24900.0,https://image.oliveyoung.co.kr/cfimages/cf-goods/uploads/images/thumbnails/10/0000/0023/A00000023910243ko.jpg?l=ko,3.0,8.0,11.0,15.0,10.0,A000000239102,
16,[망곰 콜라보/1+1] 스킨푸드 패드 더블기획 3종(+망곰 얼굴파우치) (당근/감자/복숭아),마스크팩,스킨푸드,42000.0,26200.0,https://image.oliveyoung.co.kr/cfimages/cf-goods/uploads/images/thumbnails/10/0000/0024/A00000024809805ko.png?l=ko,9.0,9.0,8.0,12.0,9.0,A000000248098,
17,에스트라 아토베리어365 크림 80ml 어워즈 한정기획 (+30ml+앰플 3ml),스킨케어,에스트라,33000.0,33000.0,https://image.oliveyoung.co.kr/cfimages/cf-goods/uploads/images/thumbnails/10/0000/0023/A00000023863417ko.jpg?l=ko,10.0,4.0,21.0,6.0,4.0,A000000238634,
18,[3월 올영픽/1등미백앰플] 메디큐브 PDRN 핑크 앰플 30ml 기획 (본품+리필 50ML+겔패드 2매입*2개),스킨케어,메디큐브,46000.0,24600.0,https://image.oliveyoung.co.kr/cfimages/cf-goods/uploads/images/thumbnails/10/0000/0022/A00000022649844ko.jpg?l=ko,9.0,2.0,17.0,11.0,13.0,A000000226498,
19,[2025어워즈1위] 에스트라 아토베리어365 크림 80ml 기획 (+하이드로 에센스25ml+앰플7ml),스킨케어,에스트라,33000.0,33000.0,https://image.oliveyoung.co.kr/cfimages/cf-goods/uploads/images/thumbnails/10/0000/0022/A00000022283326ko.jpg?l=ko,1.0,31.0,1.0,8.0,11.0,A000000222833,
20,에스트라 아토베리어365 로션 150ml 기획 (하이드로에센스 25ml+세라-히알 앰플 7ml),스킨케어,에스트라,33000.0,33000.0,https://image.oliveyoung.co.kr/cfimages/cf-goods/uploads/images/thumbnails/10/0000/0022/A00000022283412ko.jpg?l=ko,13.0,9.0,8.0,11.0,10.0,A000000222834,
21,[온라인단독/대용량] 제로이드 인텐시브 크림 80ml 기획 (+50ml),스킨케어,제로이드,40000.0,40000.0,https://image.oliveyoung.co.kr/cfimages/cf-goods/uploads/images/thumbnails/10/0000/0023/A00000023159022ko.jpg?l=ko,6.0,10.0,5.0,18.0,9.0,A000000231590,
22,[75관왕 No.1] 메디힐 더마 패드 100매 7종 피부 고민별 골라담기,마스크팩,메디힐,26000.0,17900.0,https://image.oliveyoung.co.kr/cfimages/cf-goods/uploads/images/thumbnails/10/0000/0017/A00000017142694ko.png?l=ko,8.0,10.0,16.0,7.0,13.0,A000000171426,
23,"[단독기획] 메디힐 콜라겐 캡슐 패치 60+60매 더블 기획 2종 (레티놀, 비타민C)",마스크팩,메디힐,45000.0,26400.0,https://image.oliveyoung.co.kr/cfimages/cf-goods/uploads/images/thumbnails/10/0000/0023/A00000023347012ko.png?l=ko,16.0,11.0,7.0,14.0,8.0,A000000233470,
24,[단독기획] 풀리 비건 팩클렌저 기획 3종 (그린토마토/레드토마토/쌀반죽),클렌징,풀리,24000.0,18400.0,https://image.oliveyoung.co.kr/cfimages/cf-goods/uploads/images/thumbnails/10/0000/0021/A00000021270337ko.jpg?l=ko,18.0,17.0,1.0,13.0,12.0,A000000212703,
25,[3월올영픽/1등모공세정] 아렌시아 떡솝 프레시 클렌저 120g 기획 3종 (그린/로즈힙/블루히솝),클렌징,아렌시아,23000.0,17700.0,https://image.oliveyoung.co.kr/cfimages/cf-goods/uploads/images/thumbnails/10/0000/0021/A00000021490736ko.jpg?l=ko,16.0,14.0,14.0,11.0,10.0,A000000214907,
26,"[1번패드추가증정/대용량140매] 넘버즈인 토너패드 리필 기획 (1번, 4번, 5번)",마스크팩,넘버즈인,42000.0,26900.0,https://image.oliveyoung.co.kr/cfimages/cf-goods/uploads/images/thumbnails/10/0000/0018/A00000018263061ko.jpg?l=ko,11.0,15.0,12.0,9.0,19.0,A000000182630,
27,[더블기획/1+1] 토리든 다이브인 히알루론산 수딩 크림 더블기획 (100ml+100ml),스킨케어,토리든,42000.0,31500.0,https://image.oliveyoung.co.kr/cfimages/cf-goods/uploads/images/thumbnails/10/0000/0016/A00000016559833ko.jpg?l=ko,6.0,14.0,18.0,17.0,11.0,A000000165598,
28,[NO.1 미스트세럼] 달바 퍼스트 스프레이 세럼 100ml 2개 기획,스킨케어,달바,59800.0,32900.0,https://image.oliveyoung.co.kr/cfimages/cf-goods/uploads/images/thumbnails/10/0000/0023/A00000023272416ko.jpg?l=ko,15.0,25.0,9.0,5.0,12.0,A000000232724,
29,라로슈포제 시카플라스트 멀티 리페어 크림 100ml 기획 (+멜라B3 세럼 3ml 증정),스킨케어,라로슈포제,52000.0,44200.0,https://image.oliveyoung.co.kr/cfimages/cf-goods/uploads/images/thumbnails/10/0000/0022/A00000022429206ko.jpg?l=ko,18.0,20.0,9.0,5.0,12.0,A000000224292,
30,[1등마스크] 토리든 시트 마스크 10매 4종(수분/진정/브라이트닝/모공),마스크팩,토리든,30000.0,15000.0,https://image.oliveyoung.co.kr/cfimages/cf-goods/uploads/images/thumbnails/10/0000/0015/A00000015875277ko.jpg?l=ko,7.0,14.0,18.0,1.0,28.0,A000000158752,
31,[1등필링/화잘먹] 닥터지 브라이트닝 필링젤 기획 (120g+60g+히알시카세럼2ml/120g+120g+10g),클렌징,닥터지,21000.0,16820.0,https://image.oliveyoung.co.kr/cfimages/cf-goods/uploads/images/thumbnails/10/0000/0016/A00000016227933ko.jpg?l=ko,13.0,19.0,15.0,12.0,14.0,A000000162279,
32,[3월올영픽/카니Pick] 메이크프렘 세이프 미 클렌징밀크 기획 (+리필 200ml+PDRN 클렌징밀크 21ml*2),클렌징,메이크프렘,34000.0,22600.0,https://image.oliveyoung.co.kr/cfimages/cf-goods/uploads/images/thumbnails/10/0000/0024/A00000024718209ko.jpg?l=ko,2.0,2.0,3.0,18.0,51.0,A000000247182,
33,[1+1/깐달걀피부결] 이니스프리 레티놀 시카 흔적 앰플 30ml 더블 기획,스킨케어,이니스프리,52000.0,28000.0,https://image.oliveyoung.co.kr/cfimages/cf-goods/uploads/images/thumbnails/10/0000/0023/A00000023020848ko.jpg?l=ko,10.0,9.0,16.0,22.0,18.0,A000000230208,
34,[3월단독/1등모공패드]메디큐브 제로 모공 패드 150매 한정기획 (패드 3종 택1),마스크팩,메디큐브,33000.0,28900.0,https://image.oliveyoung.co.kr/cfimages/cf-goods/uploads/images/thumbnails/10/0000/0021/A00000021435873ko.jpg?l=ko,13.0,12.0,26.0,10.0,15.0,A000000214358,
35,[수분진정 보습탄력/미니어처 증정] 메디힐 더마 크림 팩클렌저 120ml 단품/기획 2종 (+20ml 추가 증정),클렌징,메디힐,21000.0,15900.0,https://image.oliveyoung.co.kr/cfimages/cf-goods/uploads/images/thumbnails/10/0000/0023/A00000023739448ko.jpg?l=ko,17.0,4.0,11.0,20.0,28.0,A000000237394,
36,아비브 어성초 흔적 에센스 패드 클리어터치 70매 리필기획 (+70매 리필),마스크팩,아비브,40000.0,28000.0,https://image.oliveyoung.co.kr/cfimages/cf-goods/uploads/images/thumbnails/10/0000/0021/A00000021955554ko.png?l=ko,27.0,18.0,10.0,16.0,16.0,A000000219555,
37,바이오더마 하이드라비오 에센스로션 200ml 기획(+안개분사 미스트 증정),스킨케어,바이오더마,35000.0,35000.0,https://image.oliveyoung.co.kr/cfimages/cf-goods/uploads/images/thumbnails/10/0000/0022/A00000022608619ko.jpg?l=ko,9.0,13.0,25.0,13.0,26.0,A000000226086,
38,[3월올영픽/쫀쫀버블] 마녀공장 퓨어&딥 클렌징폼 160mlx2 더블기획,클렌징,마녀공장,17500.0,12600.0,https://image.oliveyoung.co.kr/cfimages/cf-goods/uploads/images/thumbnails/10/0000/0020/A00000020798244ko.jpg?l=ko,12.0,12.0,13.0,9.0,46.0,A000000207982,
39,[1매/5종] 아비브 껌딱지 시트 마스크 스티커 1매 (어성초/수분초/마데카소사이드/콜라겐밀크/비타),마스크팩,아비브,4000.0,2000.0,https://image.oliveyoung.co.kr/cfimages/cf-goods/uploads/images/thumbnails/10/0000/0018/A00000018801943ko.png?l=ko,14.0,22.0,15.0,21.0,21.0,A000000188019,
40,[115ml 대용량 기획/3월 올영픽] 구달 청귤 비타C 잡티케어 세럼 알파 50ml 더블 기획(+신제품 TXA세럼),스킨케어,구달,46000.0,31500.0,https://image.oliveyoung.co.kr/cfimages/cf-goods/uploads/images/thumbnails/10/0000/0024/A00000024777410ko.jpg?l=ko,19.0,6.0,28.0,20.0,22.0,A000000247774,
41,에스트라 아토베리어365 하이드로 에센스 200ml 기획(+클렌징밀크 30ml),스킨케어,에스트라,32000.0,32000.0,https://image.oliveyoung.co.kr/cfimages/cf-goods/uploads/images/thumbnails/10/0000/0024/A00000024509502ko.jpg?l=ko,19.0,16.0,14.0,20.0,25.0,A000000245095,
42,바이오더마 시카비오 포마드 100ml 기획 (+거즈 시트 마스크 10매),스킨케어,바이오더마,38000.0,29900.0,https://image.oliveyoung.co.kr/cfimages/cf-goods/uploads/images/thumbnails/10/0000/0024/A00000024546302ko.jpg?l=ko,25.0,21.0,20.0,15.0,18.0,A000000245463,
43,[1+1/단독대용량] 듀이트리 하이 아미노 올 클렌징 밀크 200ml 기획 (+200ml 리필+20ml),클렌징,듀이트리,28500.0,18500.0,https://image.oliveyoung.co.kr/cfimages/cf-goods/uploads/images/thumbnails/10/0000/0023/A00000023117509ko.jpg?l=ko,21.0,18.0,31.0,16.0,17.0,A000000231175,
44,아누아 피디알엔 히알루론산 100 수분크림 60mL 2입 기획세트,스킨케어,아누아,64000.0,29500.0,https://image.oliveyoung.co.kr/cfimages/cf-goods/uploads/images/thumbnails/10/0000/0023/A00000023189226ko.png?l=ko,8.0,21.0,15.0,36.0,24.0,A000000231892,
45,[단독기획/대용량] 파티온 노스카나인 트러블 크림 75ml 기획(+5ml),스킨케어,파티온,45000.0,32000.0,https://image.oliveyoung.co.kr/cfimages/cf-goods/uploads/images/thumbnails/10/0000/0023/A00000023230404ko.jpg?l=ko,20.0,19.0,18.0,14.0,34.0,A000000232304,
46,[3월 올영픽] 이지듀 기미 앰플 쿠션 리필 기획 (퍼프 2매 증정),더모 코스메틱,이지듀,58900.0,51900.0,https://image.oliveyoung.co.kr/cfimages/cf-goods/uploads/images/thumbnails/10/0000/0022/A00000022806923ko.jpg?l=ko,22.0,6.0,17.0,26.0,32.0,A000000228069,
47,[화잘먹/브러쉬증정기획] 피캄 홀리바질 버블 딥 마스크 90g 기획 (+듀얼모공브러쉬),마스크팩,피캄,25500.0,20400.0,https://image.oliveyoung.co.kr/cfimages/cf-goods/uploads/images/thumbnails/10/0000/0023/A00000023819821ko.png?l=ko,24.0,19.0,17.0,24.0,27.0,A000000238198,
48,[화잘먹 마스크] 마몽드 플로라 글로우 로즈 리퀴드 마스크 80ml 기획,마스크팩,마몽드,30000.0,21900.0,https://image.oliveyoung.co.kr/cfimages/cf-goods/uploads/images/thumbnails/10/0000/0020/A000000200805118ko.jpg?l=ko,18.0,21.0,20.0,26.0,23.0,A000000200805,
49,[3월 올영픽/여배우광채크림]메디큐브 PDRN 핑크 콜라겐 캡슐크림 55g 기획 (+4.5g*2ea),스킨케어,메디큐브,33300.0,23800.0,https://image.oliveyoung.co.kr/cfimages/cf-goods/uploads/images/thumbnails/10/0000/0024/A00000024882619ko.jpg?l=ko,20.0,12.0,25.0,32.0,19.0,A000000248826,
50,[10매] 넘버즈인 1번~5번 마스크팩 10매 기획 5종 중 택 1,마스크팩,넘버즈인,40000.0,17900.0,https://image.oliveyoung.co.kr/cfimages/cf-goods/uploads/images/thumbnails/10/0000/0020/A00000020597931ko.jpg?l=ko,21.0,16.0,23.0,19.0,34.0,A000000205979,
51,(50%용량증정) 에스트라 더마UV365 장벽수분 무기자차 선크림 40ml+20ml 기획,더모 코스메틱,에스트라,31000.0,31000.0,https://image.oliveyoung.co.kr/cfimages/cf-goods/uploads/images/thumbnails/10/0000/0020/A00000020682619ko.jpg?l=ko,12.0,24.0,10.0,36.0,35.0,A000000206826,
52,[1+1] 토리든 다이브인 저분자 히알루론산 클렌징폼 더블기획 (150ml+150ml),클렌징,토리든,26000.0,17290.0,https://image.oliveyoung.co.kr/cfimages/cf-goods/uploads/images/thumbnails/10/0000/0018/A00000018987527ko.jpg?l=ko,29.0,23.0,29.0,21.0,18.0,A000000189875,
53,[망곰 콜라보] 비플레인 녹두 클렌징오일 200ml 더블 기획 (+마우스 손목패드),클렌징,비플레인,29000.0,24900.0,https://image.oliveyoung.co.kr/cfimages/cf-goods/uploads/images/thumbnails/10/0000/0024/A00000024544708ko.jpg?l=ko,43.0,16.0,18.0,22.0,22.0,A000000245447,
54,[손목세안밴드 증정]  포들 2엑스 프레시밤 밤투폼 130ml 단품/기획,클렌징,포들,27000.0,24500.0,https://image.oliveyoung.co.kr/cfimages/cf-goods/uploads/images/thumbnails/10/0000/0023/A00000023042115ko.png?l=ko,39.0,10.0,20.0,45.0,13.0,A000000230421,
55,[미세먼지OUT/수분쫀쫀폼] 라곰 셀럽 마이크로 폼 클렌저 120ml x 2,클렌징,라곰,29000.0,24600.0,https://image.oliveyoung.co.kr/cfimages/cf-goods/uploads/images/thumbnails/10/0000/0023/A00000023082136ko.jpg?l=ko,9.0,6.0,7.0,2.0,101.0,A000000230821,
56,[블랙헤드/모공세정] 닥터지 그린딥 포어 클렌징밤 100ml 더블/단품,클렌징,닥터지,24000.0,14250.0,https://image.oliveyoung.co.kr/cfimages/cf-goods/uploads/images/thumbnails/10/0000/0020/A00000020764028ko.jpg?l=ko,24.0,20.0,35.0,26.0,27.0,A000000207640,
57,아누아 피디알엔 히알루론산 캡슐 100 세럼 30mL 기획세트 (+크림 30ml),스킨케어,아누아,39000.0,22500.0,https://image.oliveyoung.co.kr/cfimages/cf-goods/uploads/images/thumbnails/10/0000/0023/A00000023189417ko.png?l=ko,101.0,10.0,1.0,13.0,4.0,A000000231894,
58,[하늘PICK/트러블1등] 셀라딕스 트러블 세범 리밸런싱 RX 131 앰플 30ml,스킨케어,셀라딕스,28900.0,25400.0,https://image.oliveyoung.co.kr/cfimages/cf-goods/uploads/images/thumbnails/10/0000/0022/A00000022449411ko.jpg?l=ko,27.0,26.0,29.0,25.0,25.0,A000000224494,
59,[대용량] 아누아 어성초 포어 컨트롤 클렌징오일 350ml,클렌징,아누아,29900.0,19500.0,https://image.oliveyoung.co.kr/cfimages/cf-goods/uploads/images/thumbnails/10/0000/0019/A00000019148314ko.png?l=ko,15.0,22.0,34.0,50.0,15.0,A000000191483,
60,[화잘먹/수분아침세안]  라곰 셀럽 젤 투 워터 클렌저 170ml x 2,클렌징,라곰,29900.0,25400.0,https://image.oliveyoung.co.kr/cfimages/cf-goods/uploads/images/thumbnails/10/0000/0023/A00000023082225ko.jpg?l=ko,26.0,32.0,25.0,30.0,21.0,A000000230822,
61,[화잘먹/민감결케어] 한스킨 클렌징오일&블랙헤드 PHA 200ml 더블 기획 (+30ml),클렌징,한스킨,40000.0,23700.0,https://image.oliveyoung.co.kr/cfimages/cf-goods/uploads/images/thumbnails/10/0000/0022/A00000022883604ko.jpg?l=ko,37.0,28.0,16.0,27.0,31.0,A000000228836,
62,[3월 올영픽] 라로슈포제 유비데아 안뗄리오스 톤업 로지 글로우 30ml 기획 (+3ml*3),더모 코스메틱,라로슈포제,38000.0,27000.0,https://image.oliveyoung.co.kr/cfimages/cf-goods/uploads/images/thumbnails/10/0000/0024/A00000024769202ko.jpg?l=ko,35.0,32.0,23.0,24.0,28.0,A000000247692,
63,[126매 대용량/올리브영 단독] 리쥬란 포어 타이트닝 토너 패드 60매 더블 한정 기획,더모 코스메틱,리쥬란,45000.0,28900.0,https://image.oliveyoung.co.kr/cfimages/cf-goods/uploads/images/thumbnails/10/0000/0023/A00000023676704ko.jpg?l=ko,12.0,13.0,12.0,37.0,65.0,A000000236767,
64,[올영단독] 아누아 데일리케어 마스크팩 5매 기획 8종(+1매 추가 증정),마스크팩,아누아,20000.0,9500.0,https://image.oliveyoung.co.kr/cfimages/cf-goods/uploads/images/thumbnails/10/0000/0023/A00000023183640ko.png?l=ko,15.0,45.0,25.0,23.0,36.0,A000000231836,
65,제로이드 포밍 클렌저 240ml,더모 코스메틱,제로이드,24000.0,24000.0,https://image.oliveyoung.co.kr/cfimages/cf-goods/uploads/images/thumbnails/10/0000/0020/A00000020991006ko.jpg?l=ko,27.0,25.0,22.0,40.0,38.0,A000000209910,
66,[3월 올영픽/미니언즈 콜라보] 마미케어 EMS 브이쎄라 4종 중 택 1 (기획/단품),스킨케어,마미케어,109000.0,91000.0,https://image.oliveyoung.co.kr/cfimages/cf-goods/uploads/images/thumbnails/10/0000/0024/A00000024879725ko.jpg?l=ko,31.0,46.0,31.0,27.0,14.0,A000000248797,
67,[3월올영픽] 메이크프렘 모이스처 클렌징폼 150ml 1+1 기획 (+PDRN 클렌징밀크 21ml),클렌징,메이크프렘,18000.0,15300.0,https://image.oliveyoung.co.kr/cfimages/cf-goods/uploads/images/thumbnails/10/0000/0023/A00000023167541ko.jpg?l=ko,34.0,33.0,28.0,29.0,32.0,A000000231675,
68,바이오더마 센시비오 H2O 500ml,더모 코스메틱,바이오더마,27000.0,17960.0,https://image.oliveyoung.co.kr/cfimages/cf-goods/uploads/images/thumbnails/10/0000/0024/A00000024721502ko.jpg?l=ko,31.0,31.0,36.0,22.0,37.0,A000000247215,
69,[1등 미스트] 아벤느 오 떼르말 미스트 300ml*2 + 50ml 기획,더모 코스메틱,아벤느,34000.0,25900.0,https://image.oliveyoung.co.kr/cfimages/cf-goods/uploads/images/thumbnails/10/0000/0016/A00000016643617ko.jpg?l=ko,24.0,22.0,38.0,12.0,61.0,A000000166436,
70,[180매] 코스알엑스 원스텝 패드 90매 더블기획 3종 중 택1,마스크팩,코스알엑스,32000.0,19800.0,,26.0,29.0,33.0,29.0,43.0,A000000167387,
71,[피지케어/코칫솔증정] 에이프릴스킨 당근클렌징밤 90ml 기획 (+코칫솔 증정),클렌징,에이프릴스킨,21000.0,19900.0,https://image.oliveyoung.co.kr/cfimages/cf-goods/uploads/images/thumbnails/10/0000/0020/A00000020247255ko.jpg?l=ko,28.0,29.0,41.0,37.0,24.0,A000000202472,
72,[3월 올영픽/올영단독선런칭]라로슈포제 안뗄리오스 선 플루이드 50ml 기획 (+15ml +멜라 B3 세럼 3ml),더모 코스메틱,라로슈포제,37000.0,26500.0,https://image.oliveyoung.co.kr/cfimages/cf-goods/uploads/images/thumbnails/10/0000/0025/A00000025006402ko.jpg?l=ko,26.0,42.0,50.0,30.0,13.0,A000000250064,
73,아누아 어성초 포어 컨트롤 클렌징오일 200ml 2입,클렌징,아누아,40000.0,24900.0,https://image.oliveyoung.co.kr/cfimages/cf-goods/uploads/images/thumbnails/10/0000/0020/A00000020555530ko.png?l=ko,1.0,47.0,23.0,32.0,61.0,A000000205555,
74,[1+1] 토리든 패드 다이브인/밸런스풀 리필기획 2종 택 1(수분/진정),마스크팩,토리든,38000.0,25270.0,https://image.oliveyoung.co.kr/cfimages/cf-goods/uploads/images/thumbnails/10/0000/0021/A00000021281714ko.jpg?l=ko,25.0,25.0,40.0,41.0,40.0,A000000212817,
75,[단독기획] 아누아 피디알엔 히알루론산 캡슐 100 세럼 30ml 더블 기획,스킨케어,아누아,57500.0,29900.0,https://image.oliveyoung.co.kr/cfimages/cf-goods/uploads/images/thumbnails/10/0000/0024/A00000024777005ko.png?l=ko,7.0,4.0,8.0,55.0,94.0,A000000247770,
76,[모공/탄력/온열소금팩] 토르홉 사우난지앙 솔트 마스크 90g 기획 (+무민 스트레스볼 3종 중 랜덤 1종),마스크팩,토르홉,31500.0,25800.0,https://image.oliveyoung.co.kr/cfimages/cf-goods/uploads/images/thumbnails/10/0000/0024/A00000024590119ko.png?l=ko,48.0,41.0,24.0,30.0,32.0,A000000245901,
77,[단독기획] 아누아 TXA 나이아신 흔적 세럼 30ml 2입,스킨케어,아누아,64000.0,27500.0,https://image.oliveyoung.co.kr/cfimages/cf-goods/uploads/images/thumbnails/10/0000/0022/A00000022620115ko.png?l=ko,21.0,20.0,101.0,31.0,2.0,A000000226201,
78,[2600만개 판매] 유세린 하이알루론 3X 나이트크림 50ml 기획 (+나이트크림7ml*2),스킨케어,유세린,68000.0,35900.0,https://image.oliveyoung.co.kr/cfimages/cf-goods/uploads/images/thumbnails/10/0000/0024/A00000024820003ko.jpg?l=ko,44.0,41.0,42.0,28.0,21.0,A000000248200,
79,에스트라 아토베리어365 세라-히알 속수분 앰플 30ml+30ml 리필 기획,더모 코스메틱,에스트라,47500.0,47500.0,https://image.oliveyoung.co.kr/cfimages/cf-goods/uploads/images/thumbnails/10/0000/0024/A00000024509112ko.jpg?l=ko,15.0,12.0,19.0,76.0,52.0,A000000245091,
80,바이오더마 아토덤 립스틱 4g 더블 기획,더모 코스메틱,바이오더마,20000.0,13600.0,https://image.oliveyoung.co.kr/cfimages/cf-goods/uploads/images/thumbnails/10/0000/0024/A00000024546702ko.jpg?l=ko,27.0,28.0,22.0,46.0,59.0,A000000245467,
81,[망곰 콜라보] 바닐라코 클린잇제로 포어클래리파잉 클렌징밤 100ml (+3ml*3ea+망곰 티코스터),클렌징,바닐라코,20000.0,15600.0,https://image.oliveyoung.co.kr/cfimages/cf-goods/uploads/images/thumbnails/10/0000/0020/A00000020267831ko.jpg?l=ko,65.0,49.0,17.0,25.0,23.0,A000000202678,
82,[리필기획] 메이크프렘 세이프 미 릴리프 모이스처 클렌징밀크 기획 (200ml+100ml 리필),클렌징,메이크프렘,28000.0,21000.0,https://image.oliveyoung.co.kr/cfimages/cf-goods/uploads/images/thumbnails/10/0000/0015/A00000015851329ko.jpg?l=ko,50.0,56.0,63.0,6.0,7.0,A000000158513,
83,[단독기획/1+1/쌀뜨물뽀용광] 에스네이처 아쿠아 라이스 약산성 클렌징폼 160ml 더블기획,클렌징,에스네이처,29000.0,24900.0,https://image.oliveyoung.co.kr/cfimages/cf-goods/uploads/images/thumbnails/10/0000/0024/A00000024810001ko.jpg?l=ko,40.0,43.0,24.0,35.0,38.0,A000000248100,
84,[3월올영픽/더블기획] 라운드랩 자작나무 수분 패드 더블 기획 (80매+80매),마스크팩,라운드랩,34000.0,27800.0,https://image.oliveyoung.co.kr/cfimages/cf-goods/uploads/images/thumbnails/10/0000/0016/A00000016079639ko.jpg?l=ko,38.0,20.0,51.0,28.0,42.0,A000000160796,
85,[3월올영PICK|안경만두콜라보] 브링그린 징크테카 트러블 세럼 (콜라보/대용량기획),스킨케어,브링그린,56100.0,29800.0,https://image.oliveyoung.co.kr/cfimages/cf-goods/uploads/images/thumbnails/10/0000/0020/A00000020064697ko.jpg?l=ko,18.0,24.0,30.0,29.0,81.0,A000000200646,
86,[3월 올영픽/대용량] 라운드랩 1025 독도 클렌저 250ml,클렌징,라운드랩,21000.0,15600.0,https://image.oliveyoung.co.kr/cfimages/cf-goods/uploads/images/thumbnails/10/0000/0015/A00000015464408ko.jpg?l=ko,49.0,30.0,45.0,28.0,33.0,A000000154644,
87,라로슈포제 시카플라스트 로션 B5 판테놀 시카에센스 토너 200ml,스킨케어,라로슈포제,37000.0,29600.0,https://image.oliveyoung.co.kr/cfimages/cf-goods/uploads/images/thumbnails/10/0000/0015/A00000015992114ko.jpg?l=ko,42.0,67.0,41.0,16.0,17.0,A000000159921,
88,[NEW/한정기획] 폰즈 립&아이리무버 300ml 기획 (+50ML 리무버 +15ML 팩클렌저 증정),클렌징,폰즈,24500.0,12200.0,https://image.oliveyoung.co.kr/cfimages/cf-goods/uploads/images/thumbnails/10/0000/0024/A00000024833916ko.jpg?l=ko,23.0,36.0,43.0,44.0,42.0,A000000248339,
89,라로슈포제 시카플라스트 밤B5+ 40ml,더모 코스메틱,라로슈포제,27000.0,24300.0,https://image.oliveyoung.co.kr/cfimages/cf-goods/uploads/images/thumbnails/10/0000/0017/A00000017431608ko.jpg?l=ko,34.0,36.0,26.0,33.0,63.0,A000000174316,
90,제로이드 수딩 크림 80ml 기획 (+크림 10ml),스킨케어,제로이드,30000.0,27000.0,https://image.oliveyoung.co.kr/cfimages/cf-goods/uploads/images/thumbnails/10/0000/0024/A00000024499507ko.jpg?l=ko,38.0,51.0,62.0,25.0,15.0,A000000244995,
91,[1매] 넘버즈인 1번~5번 마스크팩 5종 중 택 1,마스크팩,넘버즈인,4000.0,2000.0,https://image.oliveyoung.co.kr/cfimages/cf-goods/uploads/images/thumbnails/10/0000/0016/A00000016090135ko.jpg?l=ko,20.0,34.0,22.0,42.0,76.0,A000000160901,
92,[독보적 보습 립밤] 유리아쥬 스틱레브르 오리지널 4g 2+1 한정기획,더모 코스메틱,유리아쥬,27000.0,20520.0,https://image.oliveyoung.co.kr/cfimages/cf-goods/uploads/images/thumbnails/10/0000/0020/A00000020018410ko.png?l=ko,51.0,50.0,34.0,31.0,30.0,A000000200184,
93,[흔적미백] 넘버즈인 5번 글루타치온C 흔적 앰플 30ml+30ml 듀오기획,스킨케어,넘버즈인,46000.0,29900.0,https://image.oliveyoung.co.kr/cfimages/cf-goods/uploads/images/thumbnails/10/0000/0018/A00000018983723ko.jpg?l=ko,37.0,45.0,23.0,33.0,56.0,A000000189837,
94,바이오더마 하이드라비오 토너 500ml 기획 (+거품 용기),스킨케어,바이오더마,38000.0,38000.0,https://image.oliveyoung.co.kr/cfimages/cf-goods/uploads/images/thumbnails/10/0000/0024/A00000024545906ko.jpg?l=ko,17.0,101.0,29.0,34.0,16.0,A000000245459,
95,아누아 어성초 피지쏙 모공 폼 150ml 2입 기획,클렌징,아누아,28000.0,23900.0,https://image.oliveyoung.co.kr/cfimages/cf-goods/uploads/images/thumbnails/10/0000/0022/A00000022279012ko.png?l=ko,4.0,50.0,78.0,42.0,25.0,A000000222790,
96,[수분진정] 넘버즈인 1번 판토텐산 액티브업 수딩세럼 50ml 리필기획 (50ml+50ml),스킨케어,넘버즈인,38000.0,24000.0,https://image.oliveyoung.co.kr/cfimages/cf-goods/uploads/images/thumbnails/10/0000/0020/A00000020722530ko.jpg?l=ko,51.0,41.0,34.0,37.0,37.0,A000000207225,
97,[수분크림] 에스트라 아토베리어365 하이드로 수딩크림 60ml,더모 코스메틱,에스트라,33000.0,26400.0,https://image.oliveyoung.co.kr/cfimages/cf-goods/uploads/images/thumbnails/10/0000/0015/A00000015089008ko.jpg?l=ko,28.0,17.0,13.0,41.0,101.0,A000000150890,
98,[3월 한정특가/1등 진정세럼] 파넬 시카마누 92세럼 30ml 리필기획(+30ml 리필+15ml),스킨케어,파넬,42000.0,23900.0,https://image.oliveyoung.co.kr/cfimages/cf-goods/uploads/images/thumbnails/10/0000/0023/A00000023772817ko.jpg?l=ko,52.0,23.0,51.0,48.0,31.0,A000000237728,
99,피지오겔 DMT 페이셜 보습장벽 크림 150ml,스킨케어,피지오겔,47500.0,23900.0,https://image.oliveyoung.co.kr/cfimages/cf-goods/uploads/images/thumbnails/10/0000/0023/A00000023218515ko.jpg?l=ko,101.0,18.0,46.0,17.0,22.0,A000000232185,
100,[10년연속1위] 유세린 하이알루론 3X 아이크림 15ml 기획(+나이트크림 7ml 2개 증정),스킨케어,유세린,53000.0,35900.0,https://image.oliveyoung.co.kr/cfimages/cf-goods/uploads/images/thumbnails/10/0000/0020/A00000020045415ko.jpg?l=ko,39.0,37.0,49.0,50.0,29.0,A000000200454,